Victim_ID,Name,Age,Gender,Occupation,Age_Group,Gender_Flag
V001,Arhaan Bahri,79,Male,"Designer, furniture",Senior,1
V002,Chirag Bhasin,61,Male,"Designer, jewellery",Senior,1
V003,Urvi Sankar,14,Female,Statistician,Minor,0
V004,Zara Suri,46,Male,"Engineer, broadcasting (operations)",Adult,1
V005,Saanvi Bedi,79,Male,"Research officer, government",Senior,1
V006,Mishti Handa,72,Male,"Development worker, community",Senior,1
V007,Vanya Varughese,10,Female,English as a foreign language teacher,Minor,0
V008,Anaya Andra,65,Female,Sub,Senior,0
V009,Uthkarsh Dâ€™Alia,27,Male,Structural engineer,Young Adult,1
V010,Riaan Bumb,42,Female,"Scientist, audiological",Adult,0
V011,Hrishita Srinivasan,75,Male,"Surveyor, quantity",Senior,1
V012,Adira Choudhury,19,Female,Geoscientist,Young Adult,0
V013,Nirvaan Dhillon,33,Female,Passenger transport manager,Young Adult,0
V014,Bhavin Dhawan,62,Female,Financial planner,Senior,0
V015,Divij Tailor,60,Female,Homeopath,Adult,0
V016,Yuvaan Gill,42,Female,Contractor,Adult,0
V017,Manikya Sinha,24,Female,"Librarian, academic",Young Adult,0
V018,Anvi Karpe,63,Female,Media buyer,Senior,0
V019,Faiyaz Badal,52,Female,Broadcast journalist,Adult,0
V020,Vihaan Garde,22,Male,"Teacher, secondary school",Young Adult,1
V021,Kiara Sharma,74,Female,Forest/woodland manager,Senior,0
V022,Vanya Master,71,Female,"Sales professional, IT",Senior,0
V023,Tarini Das,10,Female,Public house manager,Minor,0
V024,Yasmin Rana,28,Male,Hydrogeologist,Young Adult,1
V025,Diya Bhakta,66,Male,"Programme researcher, broadcasting/film/video",Senior,1
V026,Nitara Tara,35,Female,"Engineer, maintenance",Young Adult,0
V027,Nirvi Manne,23,Female,Barista,Young Adult,0
V028,Shalv Badal,50,Male,Print production planner,Adult,1
V029,Farhan Mani,17,Male,Animal nutritionist,Minor,1
V030,Veer Yohannan,65,Female,Land/geomatics surveyor,Senior,0
V031,Advika Srivastava,25,Female,Systems developer,Young Adult,0
V032,Kabir Sule,59,Male,Purchasing manager,Adult,1
V033,Sara Comar,40,Female,Building services engineer,Adult,0
V034,Vardaniya Upadhyay,30,Female,"Surveyor, insurance",Young Adult,0
V035,Farhan Roy,76,Male,Dancer,Senior,1
V036,Tara Dash,69,Male,Arts administrator,Senior,1
V037,Amira Saraf,10,Female,Senior tax professional/tax inspector,Minor,0
V038,Yasmin Majumdar,69,Female,Advertising art director,Senior,0
V039,Kimaya Saini,57,Female,"Scientist, clinical (histocompatibility and immunogenetics)",Adult,0
V040,Alia Thaker,45,Female,"Engineer, technical sales",Adult,0
V041,Kimaya Chhabra,58,Male,Field trials officer,Adult,1
V042,Shanaya Basu,29,Female,Chief Executive Officer,Young Adult,0
V043,Mehul Sawhney,15,Male,Recycling officer,Minor,1
V044,Prisha Malhotra,40,Female,Medical secretary,Adult,0
V045,Indrajit Dayal,13,Male,Youth worker,Minor,1
V046,Yashvi Issac,35,Female,"Therapist, drama",Young Adult,0
V047,Badal Ramakrishnan,24,Female,Interpreter,Young Adult,0
V048,Damini Bains,68,Female,"Therapist, occupational",Senior,0
V049,Sara Raval,34,Male,Actuary,Young Adult,1
V050,Mahika Bhatia,18,Male,Health visitor,Young Adult,1
V051,Himmat Wason,49,Male,"Production designer, theatre/television/film",Adult,1
V052,Aarav Vasa,58,Male,Arboriculturist,Adult,1
V053,Mannat Bassi,65,Male,Recruitment consultant,Senior,1
V054,Nehmat Goswami,77,Male,Contracting civil engineer,Senior,1
V055,Eshani Balakrishnan,78,Female,Restaurant manager,Senior,0
V056,Purab Golla,69,Male,"Buyer, retail",Senior,1
V057,Rasha Kannan,43,Male,Geophysical data processor,Adult,1
V058,Ivan Devan,72,Female,Data scientist,Senior,0
V059,Diya Mani,27,Male,Forensic psychologist,Young Adult,1
V060,Drishya Wagle,69,Female,Furniture conservator/restorer,Senior,0
V061,Aarav Sood,54,Male,Barrister,Adult,1
V062,Tejas Kant,45,Female,Geophysical data processor,Adult,0
V063,Neysa Bhattacharyya,80,Male,Air broker,Senior,1
V064,Veer Bains,14,Female,IT consultant,Minor,0
V065,Manjari Lanka,18,Female,Dealer,Young Adult,0
V066,Ira Dalal,31,Male,Primary school teacher,Young Adult,1
V067,Nitya Kale,71,Female,Dealer,Senior,0
V068,Lagan Bandi,44,Female,Sub,Adult,0
V069,Miraan Chacko,56,Male,Broadcast engineer,Adult,1
V070,Mannat Dugar,25,Male,Chartered loss adjuster,Young Adult,1
V071,Shanaya Baria,45,Male,Paramedic,Adult,1
V072,Urvi Savant,70,Female,"Psychologist, sport and exercise",Senior,0
V073,Adira Dixit,21,Male,Tour manager,Young Adult,1
V074,Farhan Dyal,13,Female,"Doctor, general practice",Minor,0
V075,Nishith Rege,80,Male,"Horticulturist, amenity",Senior,1
V076,Reyansh Gopal,58,Male,"Engineer, water",Adult,1
V077,Rhea Bahri,11,Female,Research scientist (maths),Minor,0
V078,Krish Golla,77,Female,Logistics and distribution manager,Senior,0
V079,Krish Sood,66,Female,"Therapist, music",Senior,0
V080,Alisha Lanka,53,Male,Airline pilot,Adult,1
V081,Kartik Sarin,64,Male,"Therapist, occupational",Senior,1
V082,Reyansh Bhandari,48,Male,Public relations officer,Adult,1
V083,Zain Buch,66,Female,Primary school teacher,Senior,0
V084,Gokul Chaudhry,78,Female,"Librarian, public",Senior,0
V085,Trisha Aurora,58,Male,Actuary,Adult,1
V086,Yasmin Dar,71,Male,Colour technologist,Senior,1
V087,Raghav Konda,54,Female,"Librarian, public",Adult,0
V088,Jiya Goswami,19,Male,Academic librarian,Young Adult,1
V089,Saksham Roy,32,Female,Commercial art gallery manager,Young Adult,0
V090,Gokul Cherian,67,Female,Publishing copy,Senior,0
V091,Anvi Sarma,40,Female,Local government officer,Adult,0
V092,Tushar Sodhi,35,Male,Bonds trader,Young Adult,1
V093,Bhavin Shukla,17,Male,Multimedia specialist,Minor,1
V094,Jayesh Wali,19,Female,Retail buyer,Young Adult,0
V095,Priyansh Vasa,44,Female,Community pharmacist,Adult,0
V096,Sara Ram,39,Female,"Teacher, early years/pre",Adult,0
V097,Jhanvi Rajagopal,20,Female,Insurance account manager,Young Adult,0
V098,Zaina Khatri,26,Female,Records manager,Young Adult,0
V099,Ritvik Brar,79,Male,"Administrator, education",Senior,1
V100,Raghav Mander,79,Female,Nature conservation officer,Senior,0
V101,Renee Ahluwalia,65,Female,Surgeon,Senior,0
V102,Madhup Som,37,Male,"Copywriter, advertising",Adult,1
V103,Jhanvi Bhardwaj,33,Male,Teaching laboratory technician,Young Adult,1
V104,Zain Vala,73,Female,Occupational hygienist,Senior,0
V105,Tejas Kumar,59,Male,Research scientist (life sciences),Adult,1
V106,Badal Walia,31,Male,"Engineer, mining",Young Adult,1
V107,Saksham Agrawal,53,Male,"Therapist, music",Adult,1
V108,Aarush Walia,62,Male,Geophysical data processor,Senior,1
V109,Sana Sachdev,74,Male,"Administrator, education",Senior,1
V110,Faiyaz Kothari,38,Male,"Psychologist, educational",Adult,1
V111,Lavanya Raja,15,Male,Brewing technologist,Minor,1
V112,Hrishita Sidhu,59,Female,Commercial art gallery manager,Adult,0
V113,Samarth Khosla,80,Male,"Surveyor, land/geomatics",Senior,1
V114,Nishith Ganesh,80,Male,"Scientist, product/process development",Senior,1
V115,Farhan Sarna,67,Male,Medical secretary,Senior,1
V116,Dhanush Zacharia,10,Female,"Teacher, early years/pre",Minor,0
V117,Jivin Madan,71,Male,Geographical information systems officer,Senior,1
V118,Zara Kara,42,Male,Fisheries officer,Adult,1
V119,Biju Samra,73,Female,Civil Service administrator,Senior,0
V120,Vritika Atwal,56,Male,Community development worker,Adult,1
V121,Yuvaan Vaidya,59,Female,Horticultural therapist,Adult,0
V122,Bhavin Agate,36,Female,Physiotherapist,Adult,0
V123,Kimaya Kant,19,Female,"Engineer, communications",Young Adult,0
V124,Lakshit Rao,22,Female,Airline pilot,Young Adult,0
V125,Raghav Sinha,50,Male,Operational researcher,Adult,1
V126,Advik Dixit,69,Male,Market researcher,Senior,1
V127,Riya Apte,40,Male,Games developer,Adult,1
V128,Vedika Mangal,66,Female,"Engineer, agricultural",Senior,0
V129,Onkar Dave,54,Male,Medical laboratory scientific officer,Adult,1
V130,Shray Ravel,51,Male,Advertising account planner,Adult,1
V131,Lakshay Sant,49,Female,Air broker,Adult,0
V132,Samiha Singhal,50,Female,IT sales professional,Adult,0
V133,Zeeshan Majumdar,70,Female,Scientific laboratory technician,Senior,0
V134,Rati Edwin,59,Female,"Optician, dispensing",Adult,0
V135,Trisha Bandi,16,Male,"Education officer, community",Minor,1
V136,Aarna Malhotra,22,Female,Press sub,Young Adult,0
V137,Kiara Wali,21,Male,Office manager,Young Adult,1
V138,Adira Vig,45,Male,Charity fundraiser,Adult,1
V139,Biju Gupta,75,Male,Occupational hygienist,Senior,1
V140,Divij Kulkarni,36,Female,Actuary,Adult,0
V141,Taimur Dhaliwal,12,Male,"Production assistant, television",Minor,1
V142,Farhan Karpe,11,Male,Optometrist,Minor,1
V143,Navya Mangal,74,Male,Equities trader,Senior,1
V144,Raunak Sunder,74,Male,Patent attorney,Senior,1
V145,Himmat Shenoy,46,Male,Water engineer,Adult,1
V146,Kanav Garde,23,Male,Medical laboratory scientific officer,Young Adult,1
V147,Shayak Ramakrishnan,51,Male,Research scientist (physical sciences),Adult,1
V148,Tanya Khanna,24,Female,Careers information officer,Young Adult,0
V149,Renee Bala,65,Male,Academic librarian,Senior,1
V150,Samiha Mangat,13,Female,Tour manager,Minor,0
V151,Nehmat Rastogi,75,Female,Sport and exercise psychologist,Senior,0
V152,Pranay Ratti,24,Female,"Surveyor, building control",Young Adult,0
V153,Arhaan Chaudhari,65,Male,Retail buyer,Senior,1
V154,Ahana  Shenoy,71,Female,Risk manager,Senior,0
V155,Indranil Khatri,12,Male,"Engineer, automotive",Minor,1
V156,Manjari Lala,10,Male,Aid worker,Minor,1
V157,Aaina Chakraborty,28,Male,"Scientist, research (maths)",Young Adult,1
V158,Tanya Bhatnagar,36,Female,Systems analyst,Adult,0
V159,Renee Toor,18,Female,IT sales professional,Young Adult,0
V160,Shamik Kant,56,Male,Art gallery manager,Adult,1
V161,Nirvaan Lanka,26,Female,Higher education careers adviser,Young Adult,0
V162,Kashvi Dewan,25,Female,"Administrator, charities/voluntary organisations",Young Adult,0
V163,Mishti Mahajan,27,Female,"Pharmacist, community",Young Adult,0
V164,Madhav Sarin,72,Male,Special educational needs teacher,Senior,1
V165,Seher Deshpande,35,Male,Financial trader,Young Adult,1
V166,Divit Savant,29,Male,Fisheries officer,Young Adult,1
V167,Vritika Maharaj,48,Male,Land/geomatics surveyor,Adult,1
V168,Arnav Balakrishnan,74,Male,Counsellor,Senior,1
V169,Uthkarsh Sha,80,Female,"Scientist, forensic",Senior,0
V170,Vritika Khosla,22,Male,Plant breeder/geneticist,Young Adult,1
V171,Jivika Chatterjee,65,Male,"Engineer, broadcasting (operations)",Senior,1
V172,Drishya Gara,34,Male,"Designer, jewellery",Young Adult,1
V173,Inaaya  Shere,59,Male,Biomedical engineer,Adult,1
V174,Advik Bhakta,38,Female,Psychotherapist,Adult,0
V175,Azad Bhatia,31,Female,Exhibition designer,Young Adult,0
V176,Ivan Chadha,53,Male,"Engineer, drilling",Adult,1
V177,Dhruv Soman,49,Female,Secretary/administrator,Adult,0
V178,Ojas Luthra,51,Male,Furniture designer,Adult,1
V179,Rhea Sheth,65,Male,"Engineer, automotive",Senior,1
V180,Riya Sunder,31,Female,Adult guidance worker,Young Adult,0
V181,Veer Choudhury,26,Female,"Editor, commissioning",Young Adult,0
V182,Nitya Jhaveri,37,Male,Volunteer coordinator,Adult,1
V183,Yuvaan Shetty,39,Male,Dispensing optician,Adult,1
V184,Anika Sehgal,78,Female,Financial manager,Senior,0
V185,Nayantara Dubey,63,Male,Clinical biochemist,Senior,1
V186,Myra Baral,47,Female,Higher education lecturer,Adult,0
V187,Shaan Ahuja,21,Female,General practice doctor,Young Adult,0
V188,Baiju Ghosh,32,Female,Purchasing manager,Young Adult,0
V189,Dhanush Date,60,Female,Photographer,Adult,0
V190,Ira Gole,79,Male,Advertising account planner,Senior,1
V191,Mamooty Jayaraman,28,Female,"Conservation officer, nature",Young Adult,0
V192,Yasmin Sanghvi,13,Female,"Investment banker, corporate",Minor,0
V193,Farhan Bora,16,Male,"Conservation officer, historic buildings",Minor,1
V194,Gatik Edwin,78,Male,Psychotherapist,Senior,1
V195,Kavya Bath,18,Female,Land/geomatics surveyor,Young Adult,0
V196,Zoya Bakshi,44,Female,"Restaurant manager, fast food",Adult,0
V197,Shray Vala,80,Female,Local government officer,Senior,0
V198,Miraya Grover,26,Male,Professor Emeritus,Young Adult,1
V199,Inaaya  Kapur,52,Male,Chiropractor,Adult,1
V200,Hazel Kibe,58,Female,"Merchandiser, retail",Adult,0
V201,Indrans Yadav,51,Female,Solicitor,Adult,0
V202,Hansh Sunder,64,Female,Biomedical scientist,Senior,0
V203,Samiha Dave,15,Female,Optometrist,Minor,0
V204,Pihu Batta,43,Female,"Scientist, biomedical",Adult,0
V205,Umang Ben,57,Male,Airline pilot,Adult,1
V206,Lagan Date,60,Female,"Psychologist, educational",Adult,0
V207,Zaina Garg,11,Female,Senior tax professional/tax inspector,Minor,0
V208,Keya Subramanian,17,Male,Audiological scientist,Minor,1
V209,Elakshi Luthra,14,Male,Historic buildings inspector/conservation officer,Minor,1
V210,Jivika Dhar,44,Female,Curator,Adult,0
V211,Madhup Loyal,56,Male,Holiday representative,Adult,1
V212,Miraan Date,50,Male,"Engineer, aeronautical",Adult,1
V213,Shanaya Sarkar,12,Female,Newspaper journalist,Minor,0
V214,Dharmajan Dada,75,Male,Applications developer,Senior,1
V215,Ranbir Chadha,60,Female,Lobbyist,Adult,0
V216,Krish Bajwa,55,Female,Dramatherapist,Adult,0
V217,Aradhya Tailor,17,Male,"Development worker, international aid",Minor,1
V218,Yuvraj  Ganesan,40,Male,Industrial/product designer,Adult,1
V219,Aniruddh Sura,70,Male,Advice worker,Senior,1
V220,Kimaya Tiwari,30,Male,Catering manager,Young Adult,1
V221,Ahana  Venkataraman,44,Female,Television production assistant,Adult,0
V222,Farhan Samra,79,Male,Broadcast presenter,Senior,1
V223,Prisha Randhawa,60,Male,"Surveyor, hydrographic",Adult,1
V224,Vaibhav Kulkarni,41,Male,"Engineer, biomedical",Adult,1
V225,Khushi Magar,19,Female,Mechanical engineer,Young Adult,0
V226,Zoya Bassi,74,Male,Aeronautical engineer,Senior,1
V227,Amani Dixit,34,Male,"Copywriter, advertising",Young Adult,1
V228,Charvi Maharaj,78,Female,Information officer,Senior,0
V229,Kartik Karnik,74,Female,Tourism officer,Senior,0
V230,Nayantara Chad,31,Male,Politician's assistant,Young Adult,1
V231,Parinaaz Sengupta,74,Female,"Journalist, magazine",Senior,0
V232,Diya Tiwari,65,Male,"Development worker, community",Senior,1
V233,Rania Madan,29,Female,Brewing technologist,Young Adult,0
V234,Ivana Krishnamurthy,59,Female,Research scientist (life sciences),Adult,0
V235,Riya Lanka,60,Female,Pathologist,Adult,0
V236,Mohanlal Walia,74,Female,Industrial buyer,Senior,0
V237,Kimaya Yadav,27,Male,"Surveyor, land/geomatics",Young Adult,1
V238,Manikya Khanna,31,Male,Contractor,Young Adult,1
V239,Kanav Varty,42,Male,"Therapist, drama",Adult,1
V240,Rohan Chakraborty,21,Female,Analytical chemist,Young Adult,0
V241,Damini Kale,42,Male,Television camera operator,Adult,1
V242,Ojas Barman,48,Male,"Programmer, applications",Adult,1
V243,Kavya Saran,59,Male,"Production assistant, radio",Adult,1
V244,Nayantara Jain,41,Male,"Administrator, charities/voluntary organisations",Adult,1
V245,Mamooty Madan,19,Male,Editorial assistant,Young Adult,1
V246,Amira Rajan,14,Male,"Sound technician, broadcasting/film/video",Minor,1
V247,Parinaaz Varkey,48,Male,"Scientist, product/process development",Adult,1
V248,Dishani Gokhale,67,Female,Retail manager,Senior,0
V249,Nehmat Sabharwal,69,Female,"Education officer, community",Senior,0
V250,Mahika Bakshi,22,Female,Ambulance person,Young Adult,0
V251,Purab Bakshi,61,Male,Race relations officer,Senior,1
V252,Zeeshan Soman,33,Female,Cartographer,Young Adult,0
V253,Hunar Gala,42,Male,Product/process development scientist,Adult,1
V254,Madhup Goda,16,Female,Games developer,Minor,0
V255,Aarush Tak,37,Male,International aid/development worker,Adult,1
V256,Prerak Dara,62,Female,Barrister,Senior,0
V257,Ishaan Sarma,37,Female,Psychiatrist,Adult,0
V258,Anika Singhal,37,Male,Health and safety inspector,Adult,1
V259,Hansh Dutta,79,Male,Information officer,Senior,1
V260,Tushar Chahal,32,Male,Sports therapist,Young Adult,1
V261,Aarush Kannan,31,Female,"Clinical scientist, histocompatibility and immunogenetics",Young Adult,0
V262,Saksham Balan,37,Male,"Surveyor, insurance",Adult,1
V263,Nakul Subramaniam,18,Female,Financial controller,Young Adult,0
V264,Mahika Chokshi,79,Female,Training and development officer,Senior,0
V265,Miraya Varghese,55,Female,"Engineer, building services",Adult,0
V266,Faiyaz Buch,28,Female,Public relations account executive,Young Adult,0
V267,Dhanush Agrawal,11,Female,Clinical psychologist,Minor,0
V268,Ryan Contractor,56,Female,Medical secretary,Adult,0
V269,Ayesha Kapoor,10,Male,Geographical information systems officer,Minor,1
V270,Alisha Dave,79,Female,Patent examiner,Senior,0
V271,Advika Agarwal,62,Male,Consulting civil engineer,Senior,1
V272,Ivan Rama,46,Female,Leisure centre manager,Adult,0
V273,Akarsh Yadav,17,Female,English as a second language teacher,Minor,0
V274,Indranil Chana,27,Female,Social worker,Young Adult,0
V275,Anahi Wadhwa,45,Male,"Conservator, museum/gallery",Adult,1
V276,Mahika Tara,69,Male,"Engineer, broadcasting (operations)",Senior,1
V277,Keya Basu,46,Female,Musician,Adult,0
V278,Seher Savant,37,Female,"Designer, graphic",Adult,0
V279,Darshit Dhingra,58,Male,"Psychologist, forensic",Adult,1
V280,Gokul Jayaraman,22,Female,Counsellor,Young Adult,0
V281,Kaira Bhardwaj,74,Female,IT sales professional,Senior,0
V282,Kismat Chahal,61,Male,Commissioning editor,Senior,1
V283,Taran Saraf,17,Female,Farm manager,Minor,0
V284,Mehul Ramachandran,31,Female,Aid worker,Young Adult,0
V285,Shray Tak,23,Female,Civil Service fast streamer,Young Adult,0
V286,Yuvaan Kale,31,Male,Solicitor,Young Adult,1
V287,Reyansh Bassi,36,Female,Copy,Adult,0
V288,Anika Bala,76,Male,Management consultant,Senior,1
V289,Vedika Bassi,72,Male,Data scientist,Senior,1
V290,Nayantara Char,74,Male,Clinical molecular geneticist,Senior,1
V291,Shray Lal,20,Female,"Therapist, horticultural",Young Adult,0
V292,Aarush Kuruvilla,40,Male,Records manager,Adult,1
V293,Vivaan Keer,11,Female,Seismic interpreter,Minor,0
V294,Urvi Mammen,61,Male,Fine artist,Senior,1
V295,Trisha Dass,56,Female,Control and instrumentation engineer,Adult,0
V296,Samarth Gole,48,Female,Ambulance person,Adult,0
V297,Akarsh Balay,24,Male,Equality and diversity officer,Young Adult,1
V298,Riya Mann,62,Male,Technical sales engineer,Senior,1
V299,Riaan Deshmukh,63,Female,"Doctor, hospital",Senior,0
V300,Nakul Dugar,62,Female,Higher education lecturer,Senior,0
V301,Seher Devan,78,Female,Gaffer,Senior,0
V302,Neelofar Dewan,65,Male,Patent attorney,Senior,1
V303,Navya Lata,47,Female,Market researcher,Adult,0
V304,Nirvi Handa,26,Male,Camera operator,Young Adult,1
V305,Gokul Kuruvilla,52,Male,English as a second language teacher,Adult,1
V306,Bhavin Dayal,31,Female,Archaeologist,Young Adult,0
V307,Vardaniya Rama,53,Female,"Civil engineer, consulting",Adult,0
V308,Aradhya Agate,13,Male,Ergonomist,Minor,1
V309,Armaan Ravi,24,Female,Environmental education officer,Young Adult,0
V310,Yuvaan Chaudhuri,16,Female,Armed forces logistics/support/administrative officer,Minor,0
V311,Divit Sachdev,72,Male,Hospital pharmacist,Senior,1
V312,Ela Golla,37,Male,Retail merchandiser,Adult,1
V313,Badal Wason,75,Female,Paediatric nurse,Senior,0
V314,Indrajit Bhatt,52,Male,"Doctor, general practice",Adult,1
V315,Aayush Srivastava,70,Female,Civil Service administrator,Senior,0
V316,Yuvraj  Bhatia,31,Male,Local government officer,Young Adult,1
V317,Prisha Dugar,46,Male,Financial manager,Adult,1
V318,Mishti Baria,80,Male,Visual merchandiser,Senior,1
V319,Vardaniya Raja,76,Male,"Surveyor, minerals",Senior,1
V320,Aarna Verma,68,Female,Engineering geologist,Senior,0
V321,Aayush Solanki,10,Male,Building services engineer,Minor,1
V322,Farhan Virk,52,Female,Neurosurgeon,Adult,0
V323,Yuvraj  Sachdev,34,Female,Advice worker,Young Adult,0
V324,Samiha Sane,60,Female,Legal secretary,Adult,0
V325,Uthkarsh Ray,48,Female,Dietitian,Adult,0
V326,Neysa Garde,44,Male,Manufacturing engineer,Adult,1
V327,Advik Chopra,42,Male,Lobbyist,Adult,1
V328,Veer Rege,34,Female,Customer service manager,Young Adult,0
V329,Jhanvi Anne,62,Female,Advertising art director,Senior,0
V330,Veer Upadhyay,50,Male,Ergonomist,Adult,1
V331,Inaaya  Kulkarni,27,Female,"Teacher, music",Young Adult,0
V332,Jayan Bail,47,Female,"Engineer, drilling",Adult,0
V333,Anahita Yogi,24,Female,Patent attorney,Young Adult,0
V334,Raunak Toor,27,Female,Homeopath,Young Adult,0
V335,Yashvi Dani,33,Female,Cytogeneticist,Young Adult,0
V336,Aarav Karan,79,Male,Ergonomist,Senior,1
V337,Taran Roy,44,Male,Newspaper journalist,Adult,1
V338,Amira Behl,74,Female,Office manager,Senior,0
V339,Mamooty Kar,69,Male,Government social research officer,Senior,1
V340,Krish Sarraf,10,Female,Tree surgeon,Minor,0
V341,Yashvi Kant,49,Female,Community arts worker,Adult,0
V342,Pihu Kadakia,53,Female,Ecologist,Adult,0
V343,Urvi Dasgupta,67,Male,Risk analyst,Senior,1
V344,Taran Bava,48,Male,Building control surveyor,Adult,1
V345,Aayush Chokshi,36,Female,"Therapist, occupational",Adult,0
V346,Shayak Saxena,79,Male,Customer service manager,Senior,1
V347,Damini Dugal,65,Female,Patent examiner,Senior,0
V348,Stuvan Mangat,31,Female,"Surveyor, quantity",Young Adult,0
V349,Fateh Ahluwalia,43,Male,"Geneticist, molecular",Adult,1
V350,Umang Sule,30,Female,Artist,Young Adult,0
V351,Samar Joshi,57,Male,"Surveyor, building control",Adult,1
V352,Oorja Datta,10,Female,Engineering geologist,Minor,0
V353,Hunar Agate,71,Male,Trade union research officer,Senior,1
V354,Kiara Baral,30,Female,Osteopath,Young Adult,0
V355,Anahi Chanda,23,Male,Diplomatic Services operational officer,Young Adult,1
V356,Nirvi Iyer,58,Male,Hotel manager,Adult,1
V357,Kiaan Dash,36,Male,Customer service manager,Adult,1
V358,Akarsh Virk,59,Female,Regulatory affairs officer,Adult,0
V359,Pranay Shankar,64,Male,Consulting civil engineer,Senior,1
V360,Parinaaz Jha,67,Male,Estate agent,Senior,1
V361,Mannat Ratta,74,Male,Chiropodist,Senior,1
V362,Zara Chaudry,20,Female,Bonds trader,Young Adult,0
V363,Uthkarsh Jaggi,35,Male,Clinical molecular geneticist,Young Adult,1
V364,Mannat Dass,25,Female,Retail manager,Young Adult,0
V365,Urvi Hari,68,Female,Trading standards officer,Senior,0
V366,Kartik Karpe,55,Male,Farm manager,Adult,1
V367,Kanav Lala,24,Female,IT consultant,Young Adult,0
V368,Jayant Bandi,73,Male,Art gallery manager,Senior,1
V369,Mannat Dayal,54,Male,TEFL teacher,Adult,1
V370,Samarth Ganesh,26,Male,Occupational hygienist,Young Adult,1
V371,Seher Balay,63,Female,"Designer, blown glass/stained glass",Senior,0
V372,Gokul Ahluwalia,54,Male,Artist,Adult,1
V373,Jhanvi Sood,55,Female,Financial planner,Adult,0
V374,Dhruv Kurian,22,Female,Electronics engineer,Young Adult,0
V375,Pihu Bhatnagar,45,Male,"Accountant, chartered certified",Adult,1
V376,Arnav Dhawan,24,Female,Newspaper journalist,Young Adult,0
V377,Sana Kaul,65,Male,Petroleum engineer,Senior,1
V378,Divit Kar,41,Female,Records manager,Adult,0
V379,Sara Tailor,66,Male,Chief of Staff,Senior,1
V380,Oorja Konda,66,Female,Health service manager,Senior,0
V381,Advika Bhatia,27,Male,"Surveyor, insurance",Young Adult,1
V382,Inaaya  Saha,27,Female,Podiatrist,Young Adult,0
V383,Krish Bava,76,Female,"Designer, exhibition/display",Senior,0
V384,Hazel Rattan,37,Male,"Conservator, museum/gallery",Adult,1
V385,Kaira Lal,20,Male,Music tutor,Young Adult,1
V386,Rati Bhargava,19,Female,"Geneticist, molecular",Young Adult,0
V387,Pihu Koshy,76,Female,"Therapist, speech and language",Senior,0
V388,Vivaan Ben,47,Male,Aid worker,Adult,1
V389,Fateh Rao,21,Male,Dispensing optician,Young Adult,1
V390,Bhavin Kade,27,Female,Astronomer,Young Adult,0
V391,Kabir Mander,26,Male,"Designer, interior/spatial",Young Adult,1
V392,Badal Hans,72,Female,Careers adviser,Senior,0
V393,Faiyaz Biswas,54,Female,Theatre manager,Adult,0
V394,Anahita Deep,65,Male,Advertising account executive,Senior,1
V395,Lagan Verma,29,Female,Building services engineer,Young Adult,0
V396,Ojas Shukla,48,Male,Quarry manager,Adult,1
V397,Rohan Raju,33,Male,Theatre manager,Young Adult,1
V398,Taimur Kamdar,34,Male,Music therapist,Young Adult,1
V399,Kiara Uppal,28,Female,Museum/gallery conservator,Young Adult,0
V400,Shlok Raju,64,Female,Stage manager,Senior,0
V401,Uthkarsh Hayre,46,Male,Water quality scientist,Adult,1
V402,Amani Sabharwal,76,Male,Marine scientist,Senior,1
V403,Indrans Bhagat,37,Female,"Buyer, retail",Adult,0
V404,Devansh Srivastava,73,Male,Recruitment consultant,Senior,1
V405,Ehsaan Shukla,39,Female,"Scientist, product/process development",Adult,0
V406,Ehsaan Khurana,15,Female,Best boy,Minor,0
V407,Divij Seth,39,Male,Magazine journalist,Adult,1
V408,Renee Balay,67,Female,Event organiser,Senior,0
V409,Gokul Verma,59,Male,Chief Strategy Officer,Adult,1
V410,Jiya Walla,46,Female,Special educational needs teacher,Adult,0
V411,Divij Konda,44,Male,Clothing/textile technologist,Adult,1
V412,Mahika Bhargava,52,Male,Immigration officer,Adult,1
V413,Mannat Sarkar,51,Male,Haematologist,Adult,1
V414,Hunar Yohannan,36,Male,Information officer,Adult,1
V415,Aarush Varkey,74,Female,"Production assistant, radio",Senior,0
V416,Gatik Ratta,11,Male,Press sub,Minor,1
V417,Saksham Sachdeva,29,Female,"Engineer, agricultural",Young Adult,0
V418,Ivan Chander,44,Female,Archaeologist,Adult,0
V419,Baiju Raja,23,Female,"Conservator, museum/gallery",Young Adult,0
V420,Nishith Lala,14,Female,"Therapist, art",Minor,0
V421,Nirvaan Dhaliwal,10,Female,Medical secretary,Minor,0
V422,Alisha Ghosh,51,Male,"Engineer, mining",Adult,1
V423,Jhanvi Khalsa,12,Female,Clinical biochemist,Minor,0
V424,Khushi Sinha,22,Female,Geochemist,Young Adult,0
V425,Samarth Sarraf,61,Female,Quantity surveyor,Senior,0
V426,Pari Garg,32,Female,"Production assistant, radio",Young Adult,0
V427,Arhaan Bora,14,Male,"Scientist, forensic",Minor,1
V428,Manikya Shah,48,Male,"Accountant, chartered",Adult,1
V429,Jhanvi Chaudhary,75,Female,"Accountant, chartered management",Senior,0
V430,Piya Sekhon,45,Female,"Engineer, structural",Adult,0
V431,Ira Andra,72,Female,Engineering geologist,Senior,0
V432,Shanaya Toor,33,Female,Video editor,Young Adult,0
V433,Alisha Ravi,19,Female,Graphic designer,Young Adult,0
V434,Kismat Shankar,44,Female,Health physicist,Adult,0
V435,Samarth Kaul,76,Female,Water engineer,Senior,0
V436,Lagan Kunda,40,Male,Technical brewer,Adult,1
V437,Hazel Kurian,76,Male,Community education officer,Senior,1
V438,Nayantara Choudhry,61,Male,English as a second language teacher,Senior,1
V439,Darshit Vaidya,66,Female,Administrator,Senior,0
V440,Piya Sehgal,29,Male,Biomedical engineer,Young Adult,1
V441,Kanav Bhagat,55,Female,Nature conservation officer,Adult,0
V442,Yakshit Choudhury,46,Female,Market researcher,Adult,0
V443,Charvi Sandal,50,Male,"Buyer, retail",Adult,1
V444,Prerak Raj,74,Female,"Engineer, site",Senior,0
V445,Devansh Kannan,70,Male,"Engineer, electrical",Senior,1
V446,Drishya Sarraf,48,Male,Medical secretary,Adult,1
V447,Faiyaz Rau,44,Male,Printmaker,Adult,1
V448,Himmat Loyal,37,Female,Volunteer coordinator,Adult,0
V449,Ira Mammen,55,Female,Bonds trader,Adult,0
V450,Hazel Char,80,Male,Legal secretary,Senior,1
V451,Lavanya Gola,41,Female,Private music teacher,Adult,0
V452,Lakshay Chad,40,Female,Marine scientist,Adult,0
V453,Kanav Balakrishnan,22,Female,Armed forces technical officer,Young Adult,0
V454,Raghav Iyer,11,Male,Art gallery manager,Minor,1
V455,Aniruddh Tak,64,Female,IT sales professional,Senior,0
V456,Nehmat Bumb,23,Female,Travel agency manager,Young Adult,0
V457,Charvi Walia,72,Male,Contractor,Senior,1
V458,Umang Jayaraman,35,Male,Magazine features editor,Young Adult,1
V459,Riaan Bedi,16,Male,Teaching laboratory technician,Minor,1
V460,Eshani Saini,70,Male,Lawyer,Senior,1
V461,Eshani Kumer,56,Male,Engineering geologist,Adult,1
V462,Mamooty Sidhu,34,Male,"Surveyor, planning and development",Young Adult,1
V463,Shlok Reddy,11,Male,Recruitment consultant,Minor,1
V464,Chirag Lad,56,Male,Radio broadcast assistant,Adult,1
V465,Nitara Lad,48,Male,Dancer,Adult,1
V466,Tara Amble,68,Female,Hospital doctor,Senior,0
V467,Aaryahi Grewal,57,Female,Tour manager,Adult,0
V468,Anay Dada,76,Male,Financial controller,Senior,1
V469,Jhanvi Kara,52,Male,Farm manager,Adult,1
V470,Vardaniya Sundaram,77,Female,Associate Professor,Senior,0
V471,Reyansh Viswanathan,62,Female,"Optician, dispensing",Senior,0
V472,Shamik Agate,33,Male,Commercial horticulturist,Young Adult,1
V473,Devansh Sarma,11,Male,Diplomatic Services operational officer,Minor,1
V474,Ivana Kanda,74,Male,Lexicographer,Senior,1
V475,Abram Bobal,11,Female,Veterinary surgeon,Minor,0
V476,Uthkarsh Zachariah,32,Female,Theatre manager,Young Adult,0
V477,Anay Tiwari,43,Male,"Designer, textile",Adult,1
V478,Jhanvi Sankar,50,Male,Neurosurgeon,Adult,1
V479,Anaya Dash,31,Male,Clinical embryologist,Young Adult,1
V480,Adah Shanker,75,Female,"Surveyor, planning and development",Senior,0
V481,Aarav Kade,60,Male,Biomedical engineer,Adult,1
V482,Umang Jha,42,Male,Ergonomist,Adult,1
V483,Madhav Mallick,69,Male,Copy,Senior,1
V484,Keya Sachdev,23,Female,Aeronautical engineer,Young Adult,0
V485,Vardaniya Bava,48,Male,Social researcher,Adult,1
V486,Kaira Sabharwal,38,Female,General practice doctor,Adult,0
V487,Mahika Goel,70,Female,Educational psychologist,Senior,0
V488,Vedika Sharma,48,Male,"Administrator, arts",Adult,1
V489,Shayak Rout,17,Female,IT consultant,Minor,0
V490,Lagan Dara,36,Female,Geophysicist/field seismologist,Adult,0
V491,Nehmat Malhotra,46,Female,"Administrator, education",Adult,0
V492,Prisha Bava,70,Male,"Engineer, petroleum",Senior,1
V493,Samiha Maharaj,54,Male,Data scientist,Adult,1
V494,Aradhya Bhatnagar,14,Male,"Producer, radio",Minor,1
V495,Sara Madan,73,Male,"Designer, exhibition/display",Senior,1
V496,Pranay Kale,67,Female,"Civil engineer, consulting",Senior,0
V497,Mehul Viswanathan,46,Female,Regulatory affairs officer,Adult,0
V498,Arhaan Dhar,48,Male,Sales promotion account executive,Adult,1
V499,Zain Lad,24,Female,Insurance claims handler,Young Adult,0
V500,Diya Gade,78,Female,Community arts worker,Senior,0
V501,Aaina Madan,12,Female,Research scientist (medical),Minor,0
V502,Farhan Shankar,19,Male,Regulatory affairs officer,Young Adult,1
V503,Jivika Gopal,15,Male,"Designer, industrial/product",Minor,1
V504,Sara Gade,79,Male,Bonds trader,Senior,1
V505,Keya Lalla,16,Male,Financial planner,Minor,1
V506,Zara Sundaram,51,Male,Medical secretary,Adult,1
V507,Hiran Dave,51,Male,"Editor, magazine features",Adult,1
V508,Elakshi Hayre,47,Female,Advice worker,Adult,0
V509,Azad Deep,43,Male,Ship broker,Adult,1
V510,Miraan Dani,19,Male,Geophysicist/field seismologist,Young Adult,1
V511,Taran Gill,15,Female,"Lecturer, further education",Minor,0
V512,Yashvi Madan,77,Male,"Research officer, trade union",Senior,1
V513,Ivan Tata,23,Female,Systems developer,Young Adult,0
V514,Ojas Krishnan,50,Male,Armed forces training and education officer,Adult,1
V515,Mannat Venkataraman,71,Male,"Therapist, speech and language",Senior,1
V516,Seher Gole,36,Male,"Teacher, early years/pre",Adult,1
V517,Yuvaan Rege,27,Male,Network engineer,Young Adult,1
V518,Vedika Bera,74,Male,Health service manager,Senior,1
V519,Heer Keer,69,Male,Actor,Senior,1
V520,Mohanlal Biswas,25,Male,Sales promotion account executive,Young Adult,1
V521,Lakshay Samra,18,Male,Child psychotherapist,Young Adult,1
V522,Nehmat Dubey,51,Male,Haematologist,Adult,1
V523,Himmat Rama,16,Female,"Scientist, research (medical)",Minor,0
V524,Ivan Bhatia,27,Male,Ambulance person,Young Adult,1
V525,Tara Singhal,77,Female,"Sales professional, IT",Senior,0
V526,Lagan Rattan,69,Male,Chemical engineer,Senior,1
V527,Siya Anne,67,Male,Dealer,Senior,1
V528,Ranbir Manda,11,Female,Museum/gallery exhibitions officer,Minor,0
V529,Anya Trivedi,46,Female,"Engineer, agricultural",Adult,0
V530,Samarth Varma,43,Female,"Designer, exhibition/display",Adult,0
V531,Parinaaz Kohli,19,Female,"Designer, television/film set",Young Adult,0
V532,Zain Badami,51,Female,Medical technical officer,Adult,0
V533,Sahil Luthra,54,Female,"Accountant, chartered certified",Adult,0
V534,Purab Barad,76,Female,"Engineer, land",Senior,0
V535,Tushar Gole,17,Female,"Engineer, structural",Minor,0
V536,Rohan Sagar,59,Male,Immunologist,Adult,1
V537,Dhanush Dalal,55,Male,"Journalist, magazine",Adult,1
V538,Kanav Loke,14,Male,"Psychologist, prison and probation services",Minor,1
V539,Hrishita Kalla,11,Male,Corporate treasurer,Minor,1
V540,Jayant Ravel,79,Female,"Engineer, biomedical",Senior,0
V541,Rhea Vig,24,Female,Ophthalmologist,Young Adult,0
V542,Zeeshan Rege,34,Female,Retail manager,Young Adult,0
V543,Tejas Ramachandran,67,Male,"Engineer, communications",Senior,1
V544,Uthkarsh Savant,67,Female,Nature conservation officer,Senior,0
V545,Tanya Desai,51,Male,Catering manager,Adult,1
V546,Tara Aurora,23,Female,"Scientist, research (physical sciences)",Young Adult,0
V547,Hazel Suri,67,Male,Marine scientist,Senior,1
V548,Aarav Garg,45,Female,Ceramics designer,Adult,0
V549,Navya Manne,38,Female,"Chemist, analytical",Adult,0
V550,Krish Zachariah,66,Male,"Horticulturist, commercial",Senior,1
V551,Mahika Sodhi,58,Female,Cartographer,Adult,0
V552,Alisha Barad,44,Male,Special effects artist,Adult,1
V553,Farhan Buch,43,Female,Police officer,Adult,0
V554,Taran Raj,20,Female,Chief of Staff,Young Adult,0
V555,Anvi Shenoy,54,Male,Geochemist,Adult,1
V556,Shamik Vala,18,Female,Farm manager,Young Adult,0
V557,Jayant Sethi,38,Male,Industrial buyer,Adult,1
V558,Uthkarsh Roy,28,Female,Special effects artist,Young Adult,0
V559,Mehul Kannan,20,Female,Lawyer,Young Adult,0
V560,Shray Ahuja,11,Female,Merchant navy officer,Minor,0
V561,Raghav Verma,76,Female,Set designer,Senior,0
V562,Ritvik Borde,29,Male,"Teacher, early years/pre",Young Adult,1
V563,Yasmin Tank,78,Male,"Merchandiser, retail",Senior,1
V564,Siya Sharma,30,Female,Travel agency manager,Young Adult,0
V565,Anaya Sachdev,75,Male,"Exhibitions officer, museum/gallery",Senior,1
V566,Arhaan Ramachandran,39,Female,Land,Adult,0
V567,Yakshit Chandra,38,Female,Airline pilot,Adult,0
V568,Arnav Arora,55,Female,Forensic psychologist,Adult,0
V569,Shaan Bumb,78,Male,Theatre stage manager,Senior,1
V570,Yuvraj  Kumar,42,Female,Theatre manager,Adult,0
V571,Badal Mani,12,Female,"Buyer, retail",Minor,0
V572,Piya Karnik,12,Male,"Investment banker, operational",Minor,1
V573,Vardaniya Kamdar,17,Male,Chartered certified accountant,Minor,1
V574,Anaya Goswami,21,Female,Chiropractor,Young Adult,0
V575,Damini Ranganathan,70,Male,Diagnostic radiographer,Senior,1
V576,Riaan Majumdar,48,Male,"Administrator, local government",Adult,1
V577,Taimur Sampath,47,Male,Training and development officer,Adult,1
V578,Hrishita Gupta,79,Male,Dramatherapist,Senior,1
V579,Vaibhav Bhatti,25,Female,"Education officer, museum",Young Adult,0
V580,Manjari Srinivasan,36,Male,"Editor, commissioning",Adult,1
V581,Ritvik Mammen,30,Female,Building surveyor,Young Adult,0
V582,Ayesha Buch,80,Male,"Production designer, theatre/television/film",Senior,1
V583,Alia Bhandari,56,Male,Pension scheme manager,Adult,1
V584,Zara Bava,14,Female,"Embryologist, clinical",Minor,0
V585,Adira Sant,35,Male,Editorial assistant,Young Adult,1
V586,Pihu Date,52,Female,Biomedical engineer,Adult,0
V587,Hridaan Chana,30,Male,Food technologist,Young Adult,1
V588,Samarth Batra,19,Female,Politician's assistant,Young Adult,0
V589,Amani Gopal,79,Male,Adult nurse,Senior,1
V590,Vivaan Goel,65,Female,"Copywriter, advertising",Senior,0
V591,Divyansh Dutta,76,Female,Legal executive,Senior,0
V592,Bhamini Chander,70,Male,"Sound technician, broadcasting/film/video",Senior,1
V593,Vaibhav Boase,75,Female,Nutritional therapist,Senior,0
V594,Vritika Savant,15,Male,"Education officer, environmental",Minor,1
V595,Hiran Chaudhry,77,Female,"Designer, graphic",Senior,0
V596,Stuvan Das,46,Female,Energy manager,Adult,0
V597,Shalv Edwin,79,Male,Public house manager,Senior,1
V598,Mannat Sarma,52,Male,Network engineer,Adult,1
V599,Misha Bhavsar,12,Male,Optometrist,Minor,1
V600,Eva Bhandari,31,Female,Financial adviser,Young Adult,0
